art_id,keyword
96374,fthen rules;knowledge extraction;obstructive sleep apnea;realtime monitoring system;wearable sensors
96376,irway resistance;computer simulation;humans;magnetic resonance imaging;pediatrics
96377,ardiomyopathy;er stress;intermittent hypoxia;metallothionein;obstructive sleep apnea
96378,ardiomyopathy;intermittent hypoxia;metallothionein;obstructive sleep apnea;oxidative damage
96379,mi;diabetes;hypertension;obesity;sleep apnea;sleepdisordered breathing
96382,lacks;excessive daytime sleepiness;hypertension;medication adherence
96384,pnea;creactive protein;erythrocyte sedimentation rate;fibrinogen;inflammation
96385,lassification;correlation matrices;diagnosing;feature selection;heart rate variability;sleep apnea
96386,reathing monitoring;sleep apnea;ultrawideband radar;vital signs
96387,ction recognition;behaviour;breathing monitoring;obstructive sleep apnea
96388,eglutition;deglutition disorders;fiberoptic endoscopic evaluation of swallowing;obstructive sleep apnea syndrome
96389,omputational fluid dynamics;computed tomography;cone beam computed tomography;healthy subjects;particle deposition;posture;sleep apnea;upper airway morphology
96390,ispectrum analysis;electroencephalogram;macrosleeparchitecture;msa
96396,reactive protein;obstructive sleep apnoea;physical exercise
96401,mpirical mode decomposition;pulse oximetry;sleep apnea
96402,pneahypopnea index;pvdfsensor;unconstrained sleep apnea monitoring
96404,ivariate emd;electroencephalogram;empirical mode decomposition;ensemble emd;sleep apnea
96405,eature selection;recurrence quantification analysis;sleep apnea detection;soft decision fusion
96406,ustralia;chronic disease;community pharmacy;community pharmacy services;disease state management;extended clinical service;obstructive sleep apnea;primary care
96410,luidsolid interaction;nasal surgery;numerical analysis;obstructive sleep apnea hypopnea syndrome
96411,bstructive sleep apnea;polysomnography;sleep;traumatic brain injury
96413,ntermittent hypoxia;liver;sleep apnea
96415,cg;larynx vibration;sleep apnea;snoring sound;thoracic impedance
96417,cg;ecgderived respiration;heart rate;respiratory myogram interference;sleep related breathing disorders
96418,ueller maneuver;obstructive sleep apnea;polysomnography;tongue base thickness;ultrasound
96419,hildren;decreases in the amplitude fluctuations of pulse photoplethysmographic signal;photoplethysmographic;pulse rate variability;sleep apnea;time frequency
96421,bstructive sleep apnea;polysomnography;prader willi syndrome;sleep disorders
96422,inary hierarchical classifier;multiclass;multivariate;overnight pulseoximetry;sahs;sleep apnea;spo
96424,hi;compliance;obstructive sleep apnea;pap
96425,rowth;instabilities;morphogenesis;prestress;residual stress;stability analysis
96428,edside monitoring;cerebral hemodynamics;hemodynamic oscillations;sleep
96429,ecision tree algorithms;feature extraction;logistic regression model;obstructive sleep apnea
96433,rteries;hypertension;intermittent hypoxia;oxidative stress;sleep apnea
96435,ontinuous positive airway pressure;obstructive sleep apnea;transsphenoidal surgery
96436,ehabilitation;sleep apnea syndromes;stroke
96437,eart rate variability;photoplethysmography;respiratory arousal;sleep apnea
96439,hronic kidney disease;diastolic dysfunction;glucose metabolism;left ventricular hypertrophy;obstructive sleep apnea;polycystic ovary syndrome;renal nerve ablation;renal sympathetic denervation;resistant hypertension
96440,coustic features;feature selection;neck fluid volume;neural networks;regression;tracheal sounds
96442,exmedetomidine;emergence agitation;sedation;sevoflurane;uvulopalatopharyngoplasty
96444,allistocardiogram;heart rate;nocturnal awakening;sleep efficiency;sleep fragmentation
96446,rashes;freeway;highdeck bus;injury severity
96448,rterial stiffness;cytokines;diagnostic criteria;lipids;metabolic syndrome;platelets;renal dysfunction;uric acid
96449,ardiorenal syndrome;heart failure;renal denervation;resistant hypertension;sympathetic nervous system
96450,ardiovascular risk;dyslipidemia;statin;type  diabetes mellitus
96451,rrhythmia;atrial fibrillation;ballistocardiography;bioimpedance;blood pressure estimation;chf;chronic heart failure;comorbidity;hypertension;inear photoplethysmography;patient customized;sas;sensor;sleep apnea syndrome;sleepdisorder
96452,irway;colonoscopy;endoscopic retrograde cholangiopancreatography;endoscopy;morbid obesity
96453,ntiobesity;convolvulus pluricaulis;obesity;phytomedicine;shankhpushpi
96454,reathing resistance;breathingrelated sleep disorders;pharyngeal anatomy;snoring;uvula
96455,ardiovascular disease;metabolic syndrome;nonalcoholic fatty liver disease;psoriasis;psoriatic arthritis;vascular risk factors
96456,istology;human;sexual dimorphism;stereology;tongue muscle
96457,ariatric surgery;metabolic surgery;obesity;remission of diabetes;safety;type  diabetes mellitus
96458,vent detection;oxygen saturation;recursive feature elimination;support vector machine
96460,ypertension;microneurography;noradrenaline spillover;sympathetic nervous system;sympathetic overactivity
96461,ysteinyl leukotrienes;high sensitivity creactive protein;neutrophil;sleepdisordered breathing;systemic inflammation
96462,ntiobesity drugs;brown adipose tissue;cardiovascular effects;incretins;slgt;trpv
96463,rimary snoring;pulse oximetry;resistin;sleep disordered breathing
96464,epression;inflammation;pai;sleep disturbance
96465,ehaviour;depressed patient;rapid eye movement sleep without atonia;sertraline
96466,pnea;collapse;fluidstructural interaction;shape change;upper airway
96467,daptive system;apneahypopnea event detection;obstructive sleep apnea;realtime monitoring;respiration signal
96470,ackflow;flow characteristics;numerical simulation;obstructive sleep apnea hypopnea syndrome;shear stress
96471,xcessive daytime sleepiness;histamine subtype receptor;modafinil;obstructive sleep apnea;randomized trial
96472,utoimmunity;comorbidity;rheumatic disease;sleep apnea;systemic inflammation;upper airway
96474,poptosis;hepatocyte growth factor;interleukin;intermittent hypoxia;pancreatic  cell proliferation;regenerating gene;sleep apnea syndrome
96476,cg;obstructive sleep apnea;qt interval;sleep
96478,irway occlusion;cfd;fsi;mas;mri;osa;upper airway
96479,sophageal pressure;mixed sleep apnea;obstructive sleep apnea;photoplethysmogram;sleep disordered breathing
96481,iliary;mrcp;steady state free precession
96482,hild;sleep apnea;sleep bruxism;snoring
96483,irway resistance;cfd;obstructive sleep apnea;pharyngeal wall pressure;velopharynx
96484,ft;hrv;obstructive sleep apnea;severity of apnea;wavelet analysis
96486,daptation;adrenomedullary;dopamine;epinephrine;norepinephrine;pnmt;sympathoneural glucocorticoids
96489,ancer;deglutition;deglutition disorders;dimorphism;head and neck;sleep apnea
96490,lcohol use;binge drinking;national longitudinal study of adolescent health;sleep problems
96491,ntermittent hypoxia;kidney hypoxic damage;metallothionein;nrf
96492,dipokines;melatonin;obstructive sleep apnoea syndrome;omentin positive airway pressure;sleepwake rhythm
96493,iomedical monitoring;complex networks;computational complexity;sleep apnea
96494,mp;monocyte;obstructive sleep apnea;polysomnography
96496,oundary energy;finite elements;plant growth;surface growth;thin films
96497,ioimpedance;chest belt monitor;electrocardiogram;mueller maneuver;obstructive sleep apnea;respiration;stroke volume
96498,ommunity;health effects;preventive medicine;residents;responders;world trade center
96499,orta;chronic intermittent hypoxia;endothelin;endothelin receptors
96500,exmedetomidine;intranasal;morbidly obese;obstructive sleep apnea;sedative premedication
96501,pnea;event duration;event morphology;severity;sleep disordered breathing
96502,irway wall remodeling;boundary energy;finite elements;growth;thin films
96503,entral congenital hypoventilation syndrome;diaphragm pacing;pulmonary arterial hypertension
96504,ntermittent hypoxia;melatonin;myocardial infarction;oxidative stress;rats;tempol
96505,buse liability;amphetamine;conditioned place preference;drug combinations;modafinil
96506,idden markov model;respiration monitoring;sleep apnea detection;ultrawideband impulse radio radar
96509,cromegaly;microneurography;reflex cardiovascular control;sympathetic nervous system
96513,em;hill model;human tongue;obstructive sleep apnoea
96514,dditive manufacturing;computeraided designadditive manufacture;dentistry;rapid prototyping;sleep apnea
96515,lassification;linear discriminant analysis;linear regression;obstructive sleep apnea;snoring sound;spectral features
96518,coustical flow estimation;flowsound relationship;obstructive sleep apnea;respiratory flow;sleep;tracheal sound;wakefulness
96519,rossvalidation;multiparametric;multivariate;probabilistic neural network;pulse oximetry;sahs;screening;sleep apnea;spo
96521,nabolic agents;cardiopulmonary reflex;tnf;troponin i
96522,hi;desaturation;duration;odi;severity;sleep apnea
96523,ontinuous positive airway pressure;customization;mask cushion;medical appliances;rapid prototypes;rapid tooling
96524,ttention;daytime sleepiness;driver;neurocognitive function;sleep apnea;traffic safety
96525,fd;mas;mri;osa;pressure drop;upper airway
96528,hi estimation;airflow;pattern recognition;respiratory rate variability;sleep apnoeahypopnoea syndrome
96531,eptin;lu chuan pig model;obstructive;resistin;rosiglitazone;sleep apnea syndrome
96532,ontinuous positive airway pressure;polysomnography;sleep apnea syndrome;telemedicine
96533,utonomic function;computational model;glucoseinsulin regulation;obesity;sleep apnea
96535,lucose variability;obstructive sleep apnea syndrome
96536,ody position;positional obstructive sleep apnea;positional sensor;rematee bumper belt;snoring
96537,nsomnia;orexin receptor antagonist;sleep apnea;suvorexant
96542,istamine h receptor agonist;narcolepsy;pitolisant hydrochloride;schizophrenia;tripolisant hydrochloride
96543,onsolidation;learning;modafinil;plusmaze discriminative avoidance task;retrieval;statedependency
96544,pocynin;chronic intermittent hypoxia;endothelin;hypoxiainduced factora
96545,nhibitory avoidance;iron;memory deficits;modafinil;recognition memory
96546,lood gas monitoring;home care services;hospitalbased;hypoventilation;neuromuscular diseases;rehabilitation;sleep apnea syndromes;transcutaneous
96556,bstructive sleep apnoea;polysomnogram;rheumatoid arthritis;sleep
96562,dherence;continuous positive airway pressure;obstructive sleep apnea syndrome;qualitative content analysis;social support
96571,iomedical signal processing;pattern recognition;snoring sounds
96575,hronic intermittent hypoxia;hypertension;obstructive sleep apnea;sympathoexcitation;systems biology
96576,etabolic syndrome;obesity;polysomnography
96577,icrosensors;respiratory disease;telemedicine;wireless monitoring
96578,ayes classifier;kernel density estimation;sleep apnoea;snoring
96579,mbulatory polygraphy;apneahypopnea index;average desaturation;duration of apnea and hypopnea;sleep apnea
96580,bstructive sleep apnoea;occupational performance;research
96581,utonomic nervous system;parasympathetic;spectral analysis;sympathetic
96582,ourier domain optical coherence tomography;longrange optical coherence tomography;obstructive sleep apnea;optical coherence tomography
96583,eature extraction;feature selection;genetic algorithms;logistic regression;nocturnal pulse oximetry;obstructive sleep apnoea syndrome
96585,paptherapy;electrophysiology;loreta;omega complexity;osas;qeeg
96586,irway;difficult intubation;difficult ventilation;mask
96587,eadache;migraine;psychiatric comorbidities;systemic comorbidities
96589,cg;nighttime electrocardiogram ekg;nighttime heart rate variability;physiological monitoring;textile electrode
96590,mi;mandibular advancement splint;obstructive sleep apnoea;snoring
96591,bstructive sleep apnea;piezoelectric;polysomnography;respiratory effort;respiratory inductive plethysmography
96592,pneahypopnea index;frequency domain analysis;oxygen desaturation index;sahs;sleep apnea
96593,rmodafinil;bipolar disorder;modafinil;pharmacokinetics
96594,leep debt;sleep deprivation;sleep disorders;sleep health;sleep hygiene
96595,therosclerosis;hdl;ldl;obstructive sleep apnea;oxldl;pon
96596,ggregation;congenital central hypoventilation syndrome;e ubiquitin ligase;insoluble fraction;phoxb;polyalanine expansion;ubiquitinproteasome system
96599,ynamic filterbanked features;heart rate variability;obstructive sleep apnea;spectral splitting
96600,pneahypopnea index;polysomnography;sleep apn eahypopnea
96601,ysteinyl leukotriene;cysteinyl leukotriene receptor;inflammation;sleepdisordered breathing;tonsillar hypertrophy
96602,olysomnography;quality of life;rehabilitation;sleep apnea syndromes;spinal cord injuries
96604,dult growth hormone deficiency;eqd;fatigue;fibromyalgia;fiq;growth hormone;igf;pain;safety;vas
96605,rtificial neural networks;combination of experts;discrete wavelet transformation;error correcting output code;feature selection;sleep apnea syndrome;support vector machine recursive feature elimination
96606,ontinuous positive airway pressure;obesity;obstructive sleep apnea;polysomnography;sleep quality
96610,nalgesics;anticoagulant oral therapy;blood diseases;cardiovascular diseases;chronic illnesses;coagulation defects;haematology;heparin;liver cirrhosis;liver dysfunctions;liver failure;medical complications;non steroidal antiinflammatory drugs
96611,rterioles;capillaries;glycocalyx;hemorheology;metformin;microcirculation;pentoxifyllin;pharmacology;vasomotion
96612,iomedical measurement;biomedical monitoring;pressure measurement;reliability;sleep
96613,lectromyography;polysomonography;sleep efficiency;sleepwake estimation
96614,lassifier combination;electrocardiograph;feature selection;hypopnea;machine learning;saturation of peripheral oxygen;sleep apnea
96615,eart rate variability;obstructive sleep apnea;oxygen saturation;paradoxical breathing;respiratory efforts;support vector machines
96616,erodynamic force;fluidstructure interaction;nasal surgery;obstructive sleep apnea
96617,leep apnea;snore sounds;snore time interval
96619,lassification;feature extraction;feature reduction;obstructive sleep apnea;respiratory sounds;sound analysis;tracheal breath sounds
96620,dipocyte;metabolism;microarray;network analysis;oxidative stress;sleep apnea
96621,irway mechanics;apnea;asthma;impedance;lung
96623,iber optic sensors;interferometers;interferometry;optical breathing sensors
96624,arotid body;intermittent hypoxia;oxidative stress;proinflammatory cytokines;sleep apnea
96625,rterial spin labeling;blood oxygenation leveldependent response;carbon dioxide;cerebral blood flow;cerebral metabolic rate for oxygen;functional magnetic resonance imaging;magnetoencephalography;occipital lobe;prefrontal cortex;temporal lobe
96627,pnea;coherence function;eeg classification;mutual information;sleep eeg
96630,pnea detection;ecg analysis;estimated respiration;heart rate variability;sleep stages
96631,alanced steadystate free precession;dixon fatwater separation;noncontrastenhanced mr angiography
96632,yclic adpribose;glucoseinduced insulin secretion;intermittent hypoxia;sleep apnea syndrome
96634,inite element method;genetic algorithm;human upper airway;muscle model;neural control model;tongue
96635,pneahypopnea index;multilayer perceptron neural networks;multiple linear regression;oxygen saturation;regression analysis;sleep apneahypopnea syndrome
96636,aclofen;intrathecal injection;multiple sclerosis;muscle spasticity;rehabilitation;sleep;spinal cord injuries
96637,utonomic nervous system;baroreflex sensitivity;glucose tolerance;heart rate variability;pulse transit time;sleep apnea
96638,utonomic failure;multiple system atrophy;nicotine;orthostatic hypotension
96646,dherence;continuous positive airway pressure;educational program;obstructive sleep apnea syndrome
96666,ommunity pharmacy;continuous positive airways pressure;devices;sleep apnoea;sleep disorders;treatment experience
96669,health;telehealth;telemedicine
96670,denoid hypertrophy;allergic rhinitis;children;fiberoptic;flexible endoscopy;nasal endoscopy;nasal obstruction;paediatric patients;rhinosinusitis;sleep apnoea;snoring
96671,denoid hypertrophy;adenoidectomy;children;microdebrider;nasal endoscopy;nasal obstruction;paediatric patients;powerassisted;sleep apnoea;snoring;transnasal;transoral
96672,reathing route;discriminant analysis;nearest neighbor method;snoring sounds
96673,iscrete wavelet transform;ecgderived respiration;fastfourier transform;heart rate variability;least square support vector machine;obstructive sleep apnea
96675,steoarthritis;rheumatoid arthritis;sleep disorders;sleep quality
96676,irway reconstruction;large eddy simulation;obstructive sleep apnea syndrome;pharyngeal airflow dynamics;surgical treatment effects
96677,ntioxidants and ursodeoxycholic acid;biopsy of liver;insulin sensitizers;lipidlowering drugs;liver transplantation
96678,iosignal processing;obstructive sleep apnea;pulse oximetry;screening;sleep
96680,aroreflex sensitivity;blood pressure variability;heart rate variability;obstructive sleep apnea syndrome
96681,iomedical signal processing;ecg;heart rate variability;osa
96682,ron metabolism;pulmonary arterial hypertension;zincprotoporphyrin
96683,linical user interfaces;fuzzy sets;knowledge acquisition;sleep apnoeahypopnoea syndrome;structural pattern recognition
96685,coustic analysis;bone conduction microphone;envelope curve of sounds;sleep apnea syndrome
96686,ain;physical therapy;rehabilitation;sleep apnea;sleep dysfunction
96687,omputerized detection;flowvolume curve;period amplitude analysis;polysomnography;sleepdisordered breathing
96689,ariatric surgery;efficacy;obesity;safety;weight loss
96690,nflammation;metabolic syndrome x;sleep apnea syndromes;weight loss
96693,ahalanobis distance;obstructive sleep apnea;rough set
96694,pnoia;bifurcation;critical conditions;ideal fluids;perturbations;postcritical analysis;stability;upper airways system
96696,imensional imaging;dynamic computed tomography;obstructive sleep apneahypopnea syndrome;soft palate level;upper airway obstruction
96697,lectroencephalogram;frequency variation;hilberthuang transformation;obstructive sleep apnea syndrome;real time detection
96698,pap;obstructive sleep apnea;pharmacotherapy;targets;treatment
96699,pnea monitor;ecg;home care;smartphone;support vector machines
96700,entral sleep apnea;control of breathing;opioids;references;sleep apnea;sleepdisordered breathing
96701,bstructive sleep apnea;speech processing;speech signals
96702,rtificial neural network;bispectral analysis;eeg signals;obstructive sleep apnea syndrome bicoherence;quadratic phase coupling
96704,pnea;extracellular matrix;muscle;pharynx
96705,ormant frequency;soft palate implant;voice onset time;vowel analysis
96706,mbient recording;respiratory sound analysis;snore sounds;tracheal recording;unsupervised clustering
96707,apillary electrophoresis;cchs;genetic counseling;mosaicism;phoxb;polyala expansions
96708,enzodiazepines;insomnia;melatonin;nonbenzodiazepines;orexin;pharmacotherapy;sleep
96709,ongacting undecanoate testosterone;male hypogonadism;testosterone deficiency syndrome;testosterone replacement therapy;transdermal testosterone formulations
96712,hildhood;obstructive sleep apnea hypopnoea syndrome;thyroid gland function
96713,epressive symptoms;gluteal adipose tissue;obesity;obstructive sleep apnea hypopnea syndrome;polyunsaturated fatty acids
96716,chondroplasia;ceserean section;spinal anesthesia
96719,eart rate variability;pulse rate;sleep apnea
96720,mpulse radio radar;respiratory parameters;sleep apnea;ultrawideband;wireless sensor
96721,rowsydriving;fatigue;illness;medical treatments;road accident risk;sleep disorders
96723,utoregressive model;chronic heart failure;chronic obstructive pulmonary disease;optimal parameter search;particle filter;pulse oximeters;remote health monitoring;respiratory rate extraction;sleep apnea;sudden infant death syndro
96724,pnea;central respiratory control;dichlorvos;organophosphate;prebtzinger complex
96725,pnea hypopnea index;polysomnography;sleep apnea hypopnea syndrome;sleeprelated breathing event
96726,omputational fluid dynamics;functional imaging;mandibular repositioning appliance;obstructive sleep apneahypopnea syndrome;upper airways
96727,agnetic resonance elastography;shear modulus;tongue mechanical properties;viscoelasticity
96729,entral sleep apnea;electrocardiogram;obstructive sleep apnea;respiratory movements;support vector regression
96730,trial fibrillation;congestive heart failure;cpap;electrical stimulation of hypoglossal nerve;oral appliances;systemic hypertension
96732,ack propagation training algorithmslevenberg marquardt;bfgs algorithm;motion artifact;one step secant;powellbeale restarts;scaled conjugate gradient;sleep apnea
96733,ataplexy;followup;narcolepsy;sleep architecture;sodium oxybate;xyrem
96734,iomedical monitoring;cmos technology;contactless sensing;sleep apnea;ultrawideband radar
96737,irst formant;noiserobust linear prediction technique;obstructive sleep apnea;snoring sound
96740,eg;heart rate variability;multivariate gaussian;sleep apnoea
96742,bdominal effort signal;artificial neural networks;discrete wavelet transform;sas;subband energy
96743,entral sleep apnea;ecgderived respiration;multivariate recurrence plot analysis
96745,oherence analysis;eeg;interhemispheric asynchrony;sleep apnea
96748,ody mass index;genetic studies;interleukin;obstructive sleep apnea;single nucleotide polymorphisms
96749,requencydomain analysis;logistic regression;nocturnal pulse oximetry;nonlinear analysis;obstructive sleep apnea;timedomain analysis
96762,ispectrum;electroencephalography;sleep latency;sleepiness
96767,etrended fluctuation analysis;entropy;f slope;symbolic dynamics
96768,etrended fluctuation analysis;heart rate variability;hypoxia;selfsimilarity;wearable sensors
96769,bstructive sleep apnea;portable monitoring;simple snorer;snore sounds;tracheal sounds
96770,mbient recording;breath;classification;obstructive sleep apnea;snore sound;tracheal
96771,iabetes;nocturnal hypotension;nonarteritic anterior ischemic optic neuropathy;nonarteritic ischemic optic neuropathy;nonarteritic posterior optic neuropathy;obstructive sleep apnea
96773,rmodafinil;modafinil;obstructive sleep apnea;pharmacokinetics;systemic exposure
96774,lucosidase inhibitor;intermittent hypoxia;oxidative stress;postprandial hyperglycemia;sleep apnea
96775,omputational fluid dynamics;image processing;optical coherence tomography;sleep apnea;upper airway anatomy
96776,enal cell carcinoma;sunitinib;tumor lysis syndrome
96778,overed body analysis;obscured pose estimation;pose recognition;sleep apnoea
96779,inear discriminant analysis;nonlinear analysis;obstructive sleep apnoea syndrome;oxygen saturation;pattern classification;spectral analysis
96780,ssessment of complexity;data complexity;sample entropy;shannon entropy;system complexity
96781,ariatric surgery;body mass index;excess weight;gastric bypass;hypoxemia;obesity
96783,eg;hyponoea;linear and nonlinear methods;lyapunov;music;sleep
96784,bct images;gaussian kernel blurring filter;pca;upper airway image slices;upper airway segmentation;volumetric upper airway visualization
96785,pnoea detection methods;infant sleep apnoea;infrared motion sensors
96786,mpirical mode decomposition;hilberthuang transform;intrinsic mode function;obstructive sleep apnea;oronasal airway pressure;sleep apnea diagnosis;sleep breathing disorders
96787,ata mining;realtime monitoring;sleep apnea and hypopnea syndrome detection;spo signal analysis
96788,onrestrained dogs;respiratory inductive plethysmography;telemetry
96789,reactive protein;cytokines;inflammation;markers;sleep apnea
96790,affeine targets;networks;obesity;polypharmacy;reactive oxygen species
96792,denoid pad;adenoidal hypertrophy;adenotomy;nasal steroids;steroids
96793,r coefficients;electroencephalogram;least squares support vector machines;sleep apnoea hypopnoea
96796,daptive neurofuzzy inference system;electroencephalogram;sleep apnoea hypopnoea;wavelet coefficients
96797,hildren;decreases in the amplitude fluctuations of pulse photoplethysmography signal;ppg;pulse transit time variability;sleep apnea;timefrequency
96798,ntipsychotic;polysomnography;sleep apnea
96799,utomatic classification;feature extraction;heart rate variability;sleep analysis;timefrequency autoregressive analysis
96800,euromuscular responses;upper airway neuromuscular control
96802,ognition;driving simulation;sleep apnea;spectral analysis
96803,ntihypertensive treatment;refractory hypertension;secondary hypertension;treatment resistance
96804,ypertension;obesity;risk factor interdependence;sleep disorders
96805,mnesia;brain injury;circadian disorder;memory;sleep disturbance;trauma
96806,ndine curse;phoxb gene;rapideyemovement sleep
96808,bstructive sleep apnea;pharynx;physiopathology
96809,rterial compliance;blood pressure;heart rate;modelling;paediatrics;respiratory sleep studies
96811,pnea;capnography;etco;nonintubated;obstructive sleep apnea;polysomnography;respiratory care
96813,cclimatization;acetazolamide;acute mountain sickness;andean;animals at high altitude
96814,ancer;circulating dnarna;diabetes;diagnosis;nucleic acid uptakeexpression;plasmaserum
96815,lood pressure;hypopnoea;noninvasive monitoring;sleep apnoea
96817,ypertension;occupation;shift work;sleep duration;sleepdisordered breathing
96818,erebellum;hypertension;inferior olive projections;sudden infant death syndrome
96819,lomus cells;hyperplasia;sensory longterm facilitation
96821,ata clustering;nocturnal oximetry;nonlinear analysis;obstructive sleep apnoea syndrome;radial basis function neural network
96822,denoidectomy;childhood obesity;lingual tonsils;obstructive sleep apnea;pediatric imaging;tonsillectomy
96823,iomedical optical imaging;endoscopy;optical coherence tomography;sleep apnea;upper airway
96824,rmodafinil;excessive sleepiness;narcolepsy;obstructive sleep apnea;shift work;wake promotion
96825,pnoea;automated detection;compressed waveform;nonlinear filtering;tracheal breathing sound
96826,rousal from sleep;autonomic nervous system;heart rate variability;sleep fragmentation;timefrequency distributions
96827,irway obstruction;neural network;photoplethysmography;pulse oximeter
96828,aspases;cell death;fas receptor;mitochondrial;obese
96830,rashes;driving simulation test;mslt;osas;sleepiness
96831,cetazolamide;closedloop gain;control of breathing;methazolamide;nhe inhibitors
96832,riving performance;driving simulators;eeg;microsleep;obstructive sleep apnea syndrome
96834,hagas disease;cheynestokes respiration;congestive heart failure;gender;sleep apnea
96835,attress;pillow;sleepdisordered breathing
96836,ippocampus;intermittent hypoxia;nitric oxide;potassium channel;sleep apnea;snitrosylation
96837,pap;epworth sleepiness scale;modafinil;obstructive sleep apnea syndrome;placebo effect;residual sleepiness
96840,daptive resonance theory;electroencephalogram;healthy controls;narcolepsy;neural network;obstructive sleep apnea;pupil stage
96842,rousal;excessive daytime sleepiness;locus coeruleus;modafinil;obstructive sleep apnea;pupil
96843,ehaviour;hypothalamus;intermittent hypoxia;plasticity;respiration
96844,oundary layer theory;expiratory flow limitation;finite element modelling;fluidstructure interaction;in vitro experiment;numerical simulation;obstructive sleep apnea;snoring;upper airway
96845,ost analysis;economics;nocturnal pulse oximetry;polysomnography;questionnaire
96846,enioglossus;obstructive sleep apnea syndrome;percutaneous biphasic electrical stimulation;sleep medicine
96847,lassification;esophageal pressure;jaw movement;respiratory effort;sleep apneahypopnea;wavelet
96848,ndothelial nitric oxide synthase;ionomycin;pulmonary hypertension;right ventricular hypertrophy;sleep apnea;vascular remodeling
96849,poptosis;cardiac hypertrophy;obstructive sleep apnea
96850,pnea;human;muscle sympathetic nerve activity;ultrasound
96853,poptosis;comet assay;dna damage;dna repair;obstructive sleep apnea syndrome
96854,obile devices;pattern recognition of physiological signals;sleep apnea;wearable physiological sensors and monitoring
96869,rousal threshold;dial down;effective recruitment threshold;mechanisms
96871,ypocapnia;sleep apnea;sleepdisordered breathing
96876,ormobaric hypoxia;polysomnography;respiratory disturbances;slowwave sleep
96877,irway;children;cine study;magnetic resonance;obstructive sleep apnea
96879,lcohol consumption;oxygen desaturation;sleepdisordered breathing
96880,pneahypopneaindex;central apnea;obstructive apnea;shift work;sleep deprivation
96881,pap;heart failure;hemodynamics
96882,oncontacting;phaseportrait reconstruction method;respiration signal monitoring;sleep apnea;ultrasound attenuation characteristic
96883,ompliance;cpap;hermeneutics;qualitative research;sleep apnea
96884,rterial hypertension;cardiopulmonary exercise test;exercise tolerance;obstructive sleep apnea;oxygen uptake
96885,rain damage;cpap;osas;sleepiness
96886,lood pressure regulation;breath holding;obstructive sleep apnea;shift work
96887,utonomic neuropathy;day time sleepiness;diabetes;obstructive sleep apnea syndrome
96888,ollegiate athlete;hypothenar hammer syndrome;ulnar artery thrombosis
96889,new caledonia;bshanghai;humoral immunity;hypoxia;influenza;obstructive sleep apnea;osa;vaccination;vaccine
96890,ene polymorphism;leptin;leptin receptor;lipids;obstructive sleep apnea
96891,eptin;obstructive sleep apnea syndrome;serum;urine
96892,enioglossus;hyoglossus;pharynx;sleep apnea;tongue muscles
96893,linical prediction rules;data analysis;fuzzy logic;obstructive sleep apnea;typicality measure
96895,ypoglossal nerve;mri;pharynx;respiratory system;sleep apnea
96896,yoid mental distance;mandibular hypoplasia;modified mallampati score;occupational health;pulse oximetry;screening;sleepdisordered breathing;tonsillar hypertrophy
96897,pneahypopnea index;ischemic stroke;sleep related breathing disorder;transient ischemic attack
96898,eg;intermittent hypoxia;respiratory activity
96902,pproximate entropy;heart rate variability;nonlinear signal processing;obstructive sleep apnea;power spectral density;sample entropy
96903,losing pressure;obstructive sleep apnea;pathophysiology;upper airway
96904,lood flow;breath rate;cardiac pulse;facial tracking;humancomputer interaction;sleep apnea;stress;thermal imaging
96907,hemoreflex sensitivity;hypertension;hypoxia;sleep apnea;sympathetic nerve activity
96908,ontrol of breathing;critical closing pressure;longterm facilitation;upper airway resistance
96909,pnoea;computed tomography;malocclusion;mandible;syndrome
96910,lectromyography;mechanomyography;muscle activity;mutual information;pulmonary disease
96912,igherorder statistics;obstructive sleep apnea;snore related sounds;total airways response
96913,utonomic nervous system;baroreflex;closedloop control;heart rate variability;minimal model;respiratory sinus arrhythmia;volterrawiener model
96914,econdary pulmonary hypertension;sildenafil
96915,luidstructure interaction;numerical simulation;obstructive sleep apneahypopnea syndrome;soft palate;threedimensional finite element reconstruction;upper airway
96916,chocardiography;obstructive sleep apnea;right ventricle;tissue doppler imaging
96917,ltitude;microdialysis;skin;sleep apnea syndrome;sympathetic nervous system;vascular resistance
96920,nterior segment;contact lenses;continuous positive airflow pressure machine;obstructive sleep apnea;ocular surface disease
96921,nspiratory resistive loading;sleepdisordered breathing
96926,enioglossus muscle;hypoglossal motor nucleus;obesity;obstructive sleep apnea;serotonin;sleep
96929,cute stroke;neuroprotection;sleep apnea
96930,schemia;obstructive sleep apnea;oxidative stress;thioredoxin
96931,arbon dioxide rebreathing;episodic hypoxia;placebo;ventilatory threshold
96932,enomics;health priorities;healthy people programs;public health informatics
96933,eart failure;limit cycle;respiration;respiratory control;sleep apnea
96934,eglutition;oropharyngeal reflex;sleepdisordered breathing
96935,mplitude modulation;apnea detection;heart rate;multilead ecg;respiratory movements
96936,eural prostheses;recruitment order;selective nerve stimulation
96940,lectrocardiogram;fourier transform;heart rate variability;respiratory waveform;scale transform
96941,ehabilitation;sleep apnea syndromes;spinal cord injuries;tetraplegia
96942,oninvasive ventilation;phase angle;respiratory inductive plethysmography;sleep apnea;spinal muscular atrophy;thoracoabdominal coordination
96943,pworth sleepiness scale;home pulse oximetry;hypertension;overweight;polysomnography;sleep apnea
96944,ose;treatment;upper airway
96945,pnoea;effectiveness;health outcomes;sleep apnoea;surgery
96946,ritical pressure;mechanical properties;neuromuscular control;obstructive sleep apnea
96947,utoregulation;polysomnography;sleepdisordered breathing
96948,onduction velocity estimation;electromyography;genioglossus muscles;linear electrode array;obstructive sleep apnea syndrome
96949,ipoproteins;oxidative stress;sleep apnea
96951,pnea;approximate entropy;arterial oxygen saturation;overnight pulse oximetry;regularity
96952,ehaviour;chemostimulation;control of breathing;hypothalamus
96953,ealth management;occupational physician;pulse oximeter;screening;sleep apnea syndrome
96954,yponatremia;lymphoma;pentostatin;siadh;syndrome of inappropriate antidiuretic hormone
96968,lowmeter;nasal cannula;nasal resistance;physiological monitoring;rhinitis;sleep apnea
96972,iffusion tensor imaging;dyspnea;hypoxia;respiration;sleepdisordered breathing
96974,agnetic resonance imaging;sleep apnea;velopharynx
96975,octurnal events;shrinking lung syndrome;systemic lupus erythematosus
96976,ntegrated spectrum;maximum flow velocity;modified geometric method
96977,erebellum;functional magnetic resonance imaging;insula;ondine curse
96978,olynomial equation;pressureflow relationship
96979,ortical blood flow;middle cerebral artery velocity;transcranial doppler ultrasound
96982,ine study;in infants and children;magnetic resonance;sleep apnea
96985,dherence;cpap therapy;osas;quality of life
96986,pnoea;craniometaphyseal;craniotubular bone disorder
96987,losing pressure;mouth opening;neck positions;obstructive sleep apnea;upper airway
96988,hildren;critical pressure;infants;sleepdisordered breathing;upper airway collapsibility
96989,pisodic hypoxia;nonrapid eye movement sleep;obstructive sleep apnea;ventilatory control
96991,cclimatization;acetazolamide;arousals;awakening;benzodiazepines;hypocapnia;hypoxia;periodic breathing
96993,yperoxic test;minute ventilation;sleep states;sudden infant death syndrome
96994,denotonsillar hypertrophy;apnoehypopnoea index;cephalometry;child;obstructive sleep apnoea syndrome;radiography;skull
96997,ompound action potential;electromyogram;flat interface nerve electrode;obstructive sleep apnea;selective nerve stimulation
97000,lustering;dermatology;neural networks;pattern discovery and visualization;sleep apnea
97001,ontrol of breathing;development;sleep
97002,bstructive sleep apnea;tongue musculature;upper airway;vestibular system
97003,erebral microcirculation;endothelium;hippocampus;intermittent hypoxia;leukocytes
97004,lood pressure;heart rate;hypercapnia;hypoxia
97005,ntermittent hypoxia;obstructive sleep apnea
97006,nterventional procedures;magnetic resonance;radiofrequency ablation tongue;sleep apnea
97007,ontinuous positive airway pressure;cpap;genioglossus advancement;hyoid suspension;maxillary and mandibular advancement;model;obstructive sleep apnea;oral appliance;outcome;uvulopalatopharyngoplasty
97008,irway;closing pressure;collapsibility;obstruction;pharynx
97010,utomatic analysis;sleep cycles;sleep eeg;sleep spindle
97011,ritical pressure;hypoglossus;pressureflow relationships
97012,pper airway mechanics
97013,esigned data;implied values;routine data;value of research output;willingness to pay
97014,pnea;hypopnea;magnetic resonance imaging;obstructive apnea hypopnea index;upper airway
97015,eart rate;human research;longrange correlations;polysomnography;scaling analysis;sleep;sleep apnea;spectral analysis
97016,lood pressure;heart rate;infant;nasal continuous positive airway pressure;obstructive sleep apnea;sudden infant death syndrome
97018,leep apnoea;snoring;swallowing disorders;videoradiography
97022,ays off work;health economy;incremental costs;internal medicine;monitoring
97024,xercise;fatigue;obesity;perception of energy;quality of life;sleep disorder
97025,leepapnea;sleepdisordered breathing;snoring;traffic accidents
97026,obot bed;sleep apnea;sleep research;vital signs monitoring
97027,ypercapnia;obstructive sleep apnea;respiratory phenotype
97028,eneral anesthesia;obstructive sleep apnea
97029,rain;central nervous system;cyclical hypoxia;proteins
97030,lectrocardiogram;estimated respiration;heart rate variability;pattern recognition;sleep apnoea
97031,irway manometry;polysomnography;respiration
97032,im;obstructive sleep apnea;outcome;rehabilitation;sleep;snoring;stroke
97033,o partial pressure;hyperventilation;hypoventilation
97034,ilator;obstructive sleep apnoea;ultrasound;upper airway collapse
97035,bstructive sleep apnea;sleep apnea syndrome;upper airway
97038,arynx;lung volume;polysomnography;sleep
97039,utonomic;dive reflex;functional magnetic resonance imaging;heart rate;respiration
97040,bnormalities;cine study;in infants and children;magnetic resonance;nasopharynx;sleep apnea;small airways disease
97041,type natriuretic peptide;nesiritide;pulmonary edema
97042,nterior cingulate;cerebellum;functional magnetic resonance imaging;hippocampus;insula
97044,utomatic cpap;compliance;cpap therapy;forced oscillation technique;sleep apnea syndromes
97045,ontrol of breathing;oronasal;sleep apnea;upper airway
97046,ccidents;daytime sleepiness;driving simulator;neuropsychological tests
97047,ontrol of breathing;respiration;sleep apnea syndromes;whole body plethysmography
97048,ventrelated potentials;global field power;mechanoreceptor afferent activity;respiratory mechanoreceptors;sleep disordered breathing;timefrequency analysis;wavelet analysis
97049,hase difference detection;polysomnography;sleep apnea
97050,dverse drug events;adverse drug reactions;patient interview;pharmacovigilance;spontaneous reporting
97051,eartrate variability;nonlinear dynamics;sleep;sleep apnea;sleep stages
97052,ardiovascular disorders;cytokines;desaturation magnitude;hypoxic stress;interleukin;intracellular adhesion molecule;ischemic heart disease;monocyte chemoattractant protein
97053,ontrol of breathing;gender;sleep apnea;ventilatory stability
97054,agnetic;phrenic nerve;sleep apnea syndrome;stimulation;upper airway
97055,ontrol of breathing;gender;hypocapnia
97056,entral apnea;central chemoreceptors;mechanical ventilation;nonrapid eye movement sleep;sleepdisordered breathing;ventilatory overshoot
97061,lectromyography;fatigue;genioglossus muscle;sleep apnoea syndrome;tongue
97062,lectrocardiogram artifacts;energy interval histogram;ensemble average subtraction;nonlinear energy operator
97063,ender;genioglossus muscle;obstructive sleep apnea
97064,ung;lung diseases;pet
97066,isturbances of sleep and wakefulness;treatment
97070,ontrol of breathing;hypercapnia;obstructive sleep apnea;pharyngeal muscles
97073,ollapsibility;critical pressure;obstructive sleep apnea;tracheostomy
97074,evelopment;elderly;evaluation;internet;quality
97075,arbon dioxide;hypercapnia;hypoventilation;pickwickian syndrome;sleep apnea syndromes
97076,lassification;neural networks;polysomnography;respiration monitoring;sleep apnea
97077,ealth outcomes;metaanalysis;patient adherencecompliance
97078,ltitude residents;altitude training;erythropoietin;hemoglobin mass;mountaineers;plasma volume;red cell volume;sleep apnea;sleep hightrain low;work at altitude
97079,arotid body;control of breathing;hypercapnic ventilatory response;hypoxiainducible factor;hypoxic ventilatory response;longterm facilitation
97080,ontinuous positive airway pressure;hemiplegia;sleep apnea;stroke
97081,asecontrol study;casereferent study;jobexposure matrix;occupational exposure to solvents;sleep apnea
97082,ngiotensin ii;hypertension;salt diet;sleep apnea
97083,ender;obstructive sleep apnea;upper airway muscle control;ventilatory afterdischarge
97084,iaphragm;magnetic stimulation;obstructive sleep apnea syndrome;phrenic nerve stimulation;respiratory mechanics
97085,iaphragm twitch;electrical phrenic nerve stimulation;electromyographic tonic activity
97086,nalgesia;closing pressure;obstructive sleep apnea
97087,rosssectional area;nonrapid eye movement sleep;upper airway imaging;upper airway structure
97088,audal tracheal displacement;closing pressure;pharyngeal compliance;sleep apnea
97089,irflow limitation;caudal tracheal displacement;negativepressure dependence;sleep apnea
97090,pnea;hypopnea;pulse oximetry
97091,cg;estimated respiration;heart rate variability;physiologic signal databse;physionet;sleep apnoea
97095,hildren;infants;neck;respiratory system
97096,inimal model;obstructive sleep apnea;respiratory control;stability
97098,ost minimization study;obstructive sleep apnea syndrome;polysomnography;telemedicine
97099,pisodic hypoxia;inspiratory flow limitation;nonrapid eye movement sleep;upper airway resistance;ventilatory control
97100,rousal;intermittent hypoxia;nonrapid eye movement sleep;polysomnography;rapid eye movement sleep
97103,ngina;bladder;functional electrical stimulation;incontinence;neural prostheses;neural stimulation;neuromodulation;spinal cord injury;upper airway
97104,ost analysis;polysomnography;sleep apnea;unattended sleep monitoring
97106,entral sleep apnea;methadone;obstructive sleep apnea;opiate dependence;sleep;sleep apnea;sleepdisordered breathing
97107,ehabilitation;sleep apnea syndromes;stroke
97108,rtificial intelligence;pattern representation;sleep staging;time series
97109,rousal;locus coeruleus;norepinephrine;sleep;wake
97110,bdominal effort signal;artificial neural networks;sleep apnea syndrome;wavelet transform
97111,ignal and image processing
97112,ulticlass fscore feature selection;multilayer perceptron artificial neural network;obstructive sleep apnea syndrome;polysomnography
97113,ilevel positive airway pressure;breathing period prediction;gain scheduling;obstructive sleep apnea
97114,aussian function;mexican hat wavelet;obstructive sleep apnea;signal modeling;signal parameterization;snore excitation source;snore sf derivative;snore source flow;snore synthesis;snoring
97116,olysomnography;sleep architecture;sleeprelated breathing disorders;slowwave sleep;type  diabetes
97119,daptive denoising algorithm;eeg signal;lorenz;wavelet
97120,dolescents;cardiovascular adverse events;children;mood stabilizers;neurological adverse events
97121,ypoxia;oxidative stress;remodeling
97122,hildren;hong kong;obesity
97123,utomatic differentiation;central hypopnea;esophageal pressure;inspiratory flow limitation;noninvasive classification;obstructive hypopnea
97124,mpulse control disorder;multiplesystem athrophy;parkinson;piribedil
97125,lassifier selection;recurrence quantification analysis;repeated learningtesting;sleepdisordered breathing
97136,lectrocardiogram;heart rate variability;neural network;pattern classification;timevarying autoregressive model
97145,muwb;medical health;radar;uwbcommunication;wban
97147,hild;obstructive sleepdisordered breathing;phonological disorders;tonsil surgery
97150,cute poisoning;modafinil;stimulant
97152,ontinuous positive airway pressure therapy;obstructive sleep apnea;social comparison;stigma
97153,oreta;obstructive sleep apnea syndrome;omega complexity;posterior cingulate cortex;posterior parietal cortex;precuneus;quantitative eeg
97154,cg;neural networks;obstructive sleep apnea;sleep study;wavelet
97155,iscriminant analysis;knearest neighbours;logistic regression;obstructive sleep apnoea;oxygen saturation;statistical pattern recognition
97158,lustering;identification;inference;kmeans;neuroendocrine pulsatility;pattern recognition;sleep apneas
97159,ranial nerve injuries;growth hormone;vocal cord paralysis
97160,coustic analysis;nonlinear properties;obstructive sleep apnea;quadratic phase coupling;snore signals;snoring;wavelet bicoherence
97163,ome healthcare;integrated sensors system;respiratory cycle variability;rr interval;sleep apnea;time series analysis;wearable sensor
97164,coustical properties;obstructive sleep apnea;psychoacoustic metrics;snore signals;snore sounds;snore synthesis;snoring;upper airway crosssectional areas
97165,rousal index;electroencephalographic signals;periodic leg movement syndrome;sleep apnea;sleep fragmentation
97166,ircadian rhythm;clock gene;intermittent hypoxiareoxygenation;obstructive sleep apnea;vegf
97167,xperimental validation;laminar flow;obstructive sleep apnea;phonation;two dimensional
97169,ommunity pharmacy;screening;sleep disorders;sleep health
97170,fd;obstructive sleep apnea;pharyngeal airway;validation
97171,cyclovir;antivirals;doxycycline;kidney failure;moxifloxacin;obesity;toxicity
97172,mbulatory;automatic analysis;central apnoea;home recording;portable monitoring;sleep apnoea
97174,rainstem;elderly;gray matter volume;hypoxia;sleeprelated breathing disorders;vbm
97175,cgderived respiration;heart rate variability;obstructive sleep apnea;support vector machines;wavelet
97176,iuresis;natriuresis;obstructive apnea;renal nerve
97177,thnicity;health and safety;osa;osas symptoms;taxi drivers
97178,luetooth;electrocardiogram;obstructive sleep apnea;personal digital assistant;sleep
97179,uzzy reasoning;intelligent systems;sleep apneahypopnea syndrome
97180,ehaviour;cataplexy;rbd;sleep violence;sodium oxybate
97181,hildren;decreases in the amplitude fluctuations of photopletysmography;heart rate variability;pulse ppg;sleep apnea;timefrequency
97182,mbulatory device;obstructive sleep apnea;polysomnography;screening
97184,ripiprazole;central sleep apnea;geriatric
97186,pnoea;cardiac activity;discrete fourier transform;respiratory activity;tracheal sound
